latitude,longitude,elevation,utc_offset_seconds,timezone,timezone_abbreviation
51.5,-0.120000124,23.0,0,GMT,GMT

time,temperature_2m (°C),relative_humidity_2m (%),apparent_temperature (°C),is_day (),precipitation (mm),rain (mm),showers (mm),snowfall (cm),weather_code (wmo code),cloud_cover (%),pressure_msl (hPa),surface_pressure (hPa),wind_speed_10m (km/h),wind_direction_10m (°),wind_gusts_10m (km/h)
2024-02-08T11:45,6.0,93,3.1,1,0.00,0.00,0.00,0.00,61,100,989.9,987.1,11.2,96,32.4

time,temperature_2m (°C),relative_humidity_2m (%),precipitation_probability (%),precipitation (mm),rain (mm),showers (mm),snowfall (cm),cloud_cover (%),cloud_cover_low (%),cloud_cover_mid (%),cloud_cover_high (%),wind_speed_10m (km/h),wind_speed_80m (km/h),wind_speed_120m (km/h),wind_speed_180m (km/h),temperature_80m (°C),temperature_120m (°C),temperature_180m (°C),direct_radiation (W/m²)
2024-02-08T00:00,5.4,90,3,0.00,0.00,0.00,0.00,100,39,91,97,4.8,9.2,11.6,14.4,4.7,4.3,3.8,0.0
2024-02-08T01:00,5.2,89,5,0.00,0.00,0.00,0.00,100,40,83,100,5.5,10.7,13.0,15.5,4.5,4.2,3.8,0.0
2024-02-08T02:00,5.1,90,8,0.00,0.00,0.00,0.00,100,55,99,100,5.1,10.3,12.9,15.5,4.4,4.1,3.7,0.0
2024-02-08T03:00,5.2,91,10,0.00,0.00,0.00,0.00,100,82,100,100,7.6,13.8,18.1,22.0,4.5,4.2,3.9,0.0
2024-02-08T04:00,5.4,91,30,0.10,0.10,0.00,0.00,100,100,98,44,9.9,18.2,20.6,25.6,4.7,4.2,3.8,0.0
2024-02-08T05:00,5.5,90,51,0.30,0.30,0.00,0.00,100,100,90,100,10.8,19.8,23.1,25.4,4.8,4.4,3.8,0.0
2024-02-08T06:00,5.6,90,71,0.10,0.10,0.00,0.00,100,100,100,100,11.3,21.0,24.4,26.6,4.9,4.4,4.0,0.0
2024-02-08T07:00,5.5,92,81,2.40,2.40,0.00,0.00,100,100,100,100,11.9,21.6,24.5,27.6,4.8,4.3,3.8,0.0
2024-02-08T08:00,5.3,90,90,2.20,2.20,0.00,0.00,100,100,100,100,17.3,31.0,34.6,38.3,4.6,4.1,3.6,0.0
2024-02-08T09:00,5.3,91,100,0.90,0.90,0.00,0.00,100,100,100,100,14.1,25.8,29.5,31.5,4.5,4.0,3.5,0.0
2024-02-08T10:00,5.4,91,100,2.80,2.80,0.00,0.00,100,99,100,100,14.4,25.6,28.5,31.9,4.6,4.1,3.6,0.0
2024-02-08T11:00,5.7,92,100,0.70,0.70,0.00,0.00,100,100,100,100,14.0,24.5,27.2,30.0,4.9,4.5,4.0,1.0
2024-02-08T12:00,6.1,93,100,0.20,0.20,0.00,0.00,100,100,100,100,10.5,18.7,22.4,23.5,5.3,5.0,4.7,1.0
2024-02-08T13:00,6.7,93,92,0.00,0.00,0.00,0.00,100,100,90,100,5.8,8.2,13.4,26.4,6.6,7.9,8.6,2.0
2024-02-08T14:00,8.0,94,85,0.00,0.00,0.00,0.00,100,100,100,100,1.6,15.0,26.0,35.3,10.0,10.6,10.5,0.0
2024-02-08T15:00,11.3,90,77,0.00,0.00,0.00,0.00,100,85,100,100,13.1,28.8,34.6,38.8,11.5,11.1,10.7,1.0
2024-02-08T16:00,11.5,90,85,0.00,0.00,0.00,0.00,100,100,100,100,12.9,25.9,30.4,34.0,11.3,10.9,10.4,0.0
2024-02-08T17:00,11.2,89,92,0.40,0.40,0.00,0.00,100,97,100,100,17.3,32.9,37.9,41.9,10.8,10.4,10.0,0.0
2024-02-08T18:00,10.7,88,100,1.50,1.50,0.00,0.00,100,100,100,100,16.3,31.0,35.6,39.8,10.3,9.9,9.4,0.0
2024-02-08T19:00,10.4,87,100,1.20,1.20,0.00,0.00,100,99,100,100,16.7,32.2,37.5,42.5,9.9,9.5,9.1,0.0
2024-02-08T20:00,10.3,88,100,1.00,1.00,0.00,0.00,100,100,100,100,13.7,27.5,32.6,37.2,9.9,9.6,9.1,0.0
2024-02-08T21:00,10.3,90,100,1.20,1.20,0.00,0.00,100,100,100,100,12.3,25.3,30.5,36.1,10.0,9.6,9.2,0.0
2024-02-08T22:00,10.5,90,99,1.90,1.90,0.00,0.00,100,100,100,89,15.8,31.7,37.8,43.7,10.2,9.8,9.4,0.0
2024-02-08T23:00,10.9,87,98,0.10,0.00,0.10,0.00,96,89,82,37,17.9,34.7,40.5,46.1,10.6,10.2,9.8,0.0
2024-02-09T00:00,10.9,88,97,0.30,0.20,0.10,0.00,100,98,100,100,19.5,36.9,42.4,47.7,10.5,10.1,9.7,0.0
2024-02-09T01:00,11.0,88,94,0.20,0.20,0.10,0.00,100,88,71,100,19.5,37.7,44.0,49.1,10.7,10.3,9.8,0.0
2024-02-09T02:00,11.1,87,90,0.00,0.00,0.00,0.00,100,100,78,100,18.5,36.1,42.0,47.5,10.7,10.3,9.8,0.0
2024-02-09T03:00,11.2,85,87,0.00,0.00,0.00,0.00,100,90,100,100,19.2,36.1,41.5,46.5,10.8,10.4,9.9,0.0
2024-02-09T04:00,11.0,85,78,0.70,0.60,0.10,0.00,100,79,86,100,19.3,36.9,42.6,47.7,10.6,10.2,9.7,0.0
2024-02-09T05:00,10.7,84,70,0.00,0.00,0.00,0.00,100,70,42,98,18.8,35.9,41.3,46.2,10.3,9.9,9.4,0.0
2024-02-09T06:00,10.6,84,61,0.00,0.00,0.00,0.00,99,78,85,89,18.7,35.1,40.1,44.9,10.3,9.9,9.4,0.0
2024-02-09T07:00,10.4,84,62,0.00,0.00,0.00,0.00,97,65,73,74,17.7,34.5,40.2,45.4,10.1,9.7,9.2,0.0
2024-02-09T08:00,10.2,85,64,0.00,0.00,0.00,0.00,96,49,22,90,17.6,33.8,39.6,45.4,9.9,9.5,9.1,1.0
2024-02-09T09:00,10.6,83,65,0.00,0.00,0.00,0.00,100,66,97,82,18.7,35.1,40.2,45.2,10.1,9.7,9.2,12.0
2024-02-09T10:00,10.9,82,63,0.00,0.00,0.00,0.00,100,80,80,100,19.9,37.1,42.2,47.5,10.3,9.9,9.4,0.0
2024-02-09T11:00,11.0,82,60,0.10,0.10,0.00,0.00,100,99,100,100,21.4,39.8,45.2,49.8,10.4,10.0,9.5,0.0
2024-02-09T12:00,11.0,82,58,0.70,0.70,0.00,0.00,100,100,100,100,23.8,44.7,50.9,56.4,10.5,10.0,9.5,0.0
2024-02-09T13:00,11.5,78,58,0.30,0.30,0.00,0.00,100,64,97,73,25.1,46.0,51.4,56.0,10.9,10.5,9.9,1.0
2024-02-09T14:00,12.3,72,58,0.00,0.00,0.00,0.00,97,65,75,63,24.2,43.1,47.9,51.7,11.4,10.9,10.3,63.0
2024-02-09T15:00,12.4,72,58,0.00,0.00,0.00,0.00,91,56,67,32,21.9,39.3,43.3,46.4,11.6,11.1,10.5,78.0
2024-02-09T16:00,11.8,78,46,0.00,0.00,0.00,0.00,94,77,76,45,18.9,34.8,38.9,42.4,11.1,10.7,10.1,18.0
2024-02-09T17:00,11.2,81,35,0.00,0.00,0.00,0.00,100,74,16,100,16.4,30.8,34.9,38.5,10.7,10.2,9.7,2.0
2024-02-09T18:00,10.6,84,23,0.00,0.00,0.00,0.00,89,61,9,57,14.8,28.7,33.3,37.7,10.3,9.9,9.4,0.0
2024-02-09T19:00,10.2,87,21,0.00,0.00,0.00,0.00,90,66,23,56,12.4,25.3,30.4,34.9,9.9,9.5,9.1,0.0
2024-02-09T20:00,9.9,89,18,0.00,0.00,0.00,0.00,90,72,54,36,9.5,21.1,26.2,30.0,9.6,9.3,8.9,0.0
2024-02-09T21:00,9.7,92,16,0.00,0.00,0.00,0.00,98,97,57,0,7.6,18.5,24.2,28.4,9.5,9.2,8.9,0.0
2024-02-09T22:00,9.6,93,17,0.00,0.00,0.00,0.00,94,86,53,4,6.9,17.9,23.4,28.3,9.6,9.3,8.9,0.0
2024-02-09T23:00,9.5,94,18,0.00,0.00,0.00,0.00,92,83,80,0,7.0,17.7,23.4,27.9,9.5,9.2,8.8,0.0
2024-02-10T00:00,9.5,93,19,0.00,0.00,0.00,0.00,97,84,86,56,6.9,18.0,22.7,27.1,9.5,9.3,8.9,0.0
2024-02-10T01:00,9.4,92,20,0.00,0.00,0.00,0.00,95,82,75,31,5.8,15.3,19.2,22.8,9.4,9.1,8.7,0.0
2024-02-10T02:00,9.2,94,22,0.00,0.00,0.00,0.00,100,54,59,100,5.0,13.8,17.3,20.7,9.3,9.0,8.6,0.0
2024-02-10T03:00,9.0,95,23,0.00,0.00,0.00,0.00,100,66,66,100,4.3,11.8,15.0,18.0,9.1,8.8,8.5,0.0
2024-02-10T04:00,8.8,96,23,0.00,0.00,0.00,0.00,100,88,100,100,3.6,9.9,12.2,14.2,8.9,8.6,8.2,0.0
2024-02-10T05:00,8.9,95,23,0.00,0.00,0.00,0.00,100,93,92,100,4.3,11.7,14.7,16.4,8.8,8.6,8.3,0.0
2024-02-10T06:00,8.9,95,23,0.00,0.00,0.00,0.00,100,76,63,100,3.4,9.0,11.3,13.2,8.8,8.6,8.2,0.0
2024-02-10T07:00,8.7,96,23,0.00,0.00,0.00,0.00,100,95,100,95,2.7,6.5,8.0,9.2,8.5,8.2,7.8,0.0
2024-02-10T08:00,8.7,95,23,0.00,0.00,0.00,0.00,100,70,91,100,3.8,9.4,11.3,12.9,8.4,8.0,7.7,0.0
2024-02-10T09:00,8.8,92,23,0.00,0.00,0.00,0.00,100,57,87,100,4.3,9.2,11.0,12.4,8.2,7.9,7.4,1.0
2024-02-10T10:00,9.1,89,29,0.00,0.00,0.00,0.00,100,60,100,100,4.3,6.6,8.6,11.1,8.0,7.3,6.8,0.0
2024-02-10T11:00,9.5,86,36,0.00,0.00,0.00,0.00,100,58,100,100,3.6,4.6,4.6,6.1,8.3,7.6,6.8,4.0
2024-02-10T12:00,9.8,83,42,0.10,0.10,0.00,0.00,100,61,100,100,3.4,4.2,4.5,4.7,8.5,7.8,6.9,1.0
2024-02-10T13:00,9.9,81,41,0.10,0.10,0.00,0.00,100,60,100,100,3.9,5.4,5.7,5.7,8.7,8.0,7.1,5.0
2024-02-10T14:00,10.1,78,40,0.10,0.10,0.00,0.00,100,41,100,100,3.9,5.7,5.7,6.2,8.9,8.2,7.3,3.0
2024-02-10T15:00,10.1,77,39,0.00,0.00,0.00,0.00,100,34,91,100,2.4,3.5,3.5,4.0,9.0,8.3,7.5,1.0
2024-02-10T16:00,10.0,78,39,0.00,0.00,0.00,0.00,100,9,82,100,2.6,3.9,3.9,4.6,9.2,8.5,7.6,1.0
2024-02-10T17:00,9.6,83,39,0.00,0.00,0.00,0.00,100,13,80,100,2.6,6.5,7.8,8.7,9.2,8.5,7.7,0.0
2024-02-10T18:00,9.0,86,39,0.00,0.00,0.00,0.00,100,43,75,100,2.9,9.0,11.4,13.1,9.0,8.4,7.7,0.0
2024-02-10T19:00,8.5,89,39,0.00,0.00,0.00,0.00,100,44,47,100,3.7,11.4,14.0,14.3,8.6,8.0,7.3,0.0
2024-02-10T20:00,7.6,92,39,0.00,0.00,0.00,0.00,100,7,0,99,3.4,10.6,13.0,13.0,8.0,7.5,6.8,0.0
2024-02-10T21:00,6.9,92,39,0.00,0.00,0.00,0.00,33,0,0,33,1.0,5.5,7.6,9.7,7.7,7.3,6.9,0.0
2024-02-10T22:00,6.4,92,36,0.00,0.00,0.00,0.00,0,0,0,0,2.9,2.1,3.4,6.1,7.5,7.2,6.9,0.0
2024-02-10T23:00,5.8,96,32,0.00,0.00,0.00,0.00,41,41,0,0,2.9,3.9,5.0,8.0,7.4,7.0,6.7,0.0
2024-02-11T00:00,5.5,98,29,0.00,0.00,0.00,0.00,80,74,21,0,3.7,5.8,5.2,7.1,7.3,7.1,6.8,0.0
2024-02-11T01:00,5.5,97,30,0.00,0.00,0.00,0.00,87,77,48,0,3.1,6.3,4.7,5.2,7.3,7.1,6.8,0.0
2024-02-11T02:00,5.4,97,31,0.00,0.00,0.00,0.00,87,75,54,0,3.1,8.4,6.1,3.8,7.1,7.1,6.7,0.0
2024-02-11T03:00,5.3,97,32,0.10,0.00,0.10,0.00,93,89,69,0,2.4,7.1,5.8,3.6,6.8,6.9,6.5,0.0
2024-02-11T04:00,5.3,98,31,0.10,0.00,0.10,0.00,97,91,78,0,2.6,7.0,6.6,4.9,6.5,6.7,6.3,0.0
2024-02-11T05:00,5.2,98,30,0.20,0.00,0.20,0.00,97,90,79,0,3.3,8.5,8.9,8.8,6.3,6.4,6.1,0.0
2024-02-11T06:00,5.4,97,29,0.10,0.00,0.10,0.00,92,74,71,0,2.9,9.7,11.2,12.0,6.0,5.9,6.1,0.0
2024-02-11T07:00,5.3,97,33,0.00,0.00,0.00,0.00,98,88,91,0,2.6,10.1,13.8,16.6,5.5,5.5,5.9,0.0
2024-02-11T08:00,5.6,96,38,0.00,0.00,0.00,0.00,94,82,81,0,3.1,10.6,13.8,17.7,5.4,4.8,5.5,0.0
2024-02-11T09:00,5.9,91,42,0.00,0.00,0.00,0.00,82,68,32,0,7.3,11.8,12.1,18.6,4.7,4.1,5.4,16.0
2024-02-11T10:00,6.3,88,34,0.00,0.00,0.00,0.00,66,64,3,0,6.7,9.7,10.0,20.0,4.8,4.1,5.0,91.0
2024-02-11T11:00,7.7,79,27,0.00,0.00,0.00,0.00,54,54,0,0,10.0,15.7,16.2,16.1,6.1,5.4,4.5,181.0
2024-02-11T12:00,8.9,70,19,0.00,0.00,0.00,0.00,87,87,0,0,12.2,21.3,22.1,22.9,7.4,6.7,5.8,135.0
2024-02-11T13:00,9.5,66,23,0.00,0.00,0.00,0.00,79,74,13,0,12.2,21.3,22.1,22.2,8.0,7.3,6.2,153.0
2024-02-11T14:00,9.9,63,28,0.00,0.00,0.00,0.00,72,62,27,0,11.8,19.9,20.7,21.2,8.4,7.7,6.7,148.0
2024-02-11T15:00,9.9,63,32,0.00,0.00,0.00,0.00,64,49,40,0,10.7,18.7,19.8,20.6,8.6,7.9,7.0,117.0
2024-02-11T16:00,9.5,67,28,0.00,0.00,0.00,0.00,74,60,53,0,9.4,18.4,20.6,22.1,8.4,7.8,7.0,65.0
2024-02-11T17:00,8.7,72,23,0.00,0.00,0.00,0.00,85,70,65,0,8.1,19.0,22.5,24.9,8.0,7.5,6.7,17.0
2024-02-11T18:00,7.9,78,19,0.00,0.00,0.00,0.00,95,81,78,0,7.6,19.6,23.9,26.7,7.5,7.1,6.4,0.0
2024-02-11T19:00,7.2,82,14,0.00,0.00,0.00,0.00,64,55,52,0,7.2,18.9,22.8,25.6,7.1,6.7,6.1,0.0
2024-02-11T20:00,6.4,86,8,0.00,0.00,0.00,0.00,34,29,26,0,6.5,17.7,21.0,24.2,6.6,6.2,5.7,0.0
2024-02-11T21:00,5.7,89,3,0.00,0.00,0.00,0.00,3,3,0,0,5.9,17.0,20.0,23.1,6.1,5.8,5.3,0.0
2024-02-11T22:00,5.0,91,2,0.00,0.00,0.00,0.00,12,3,0,8,5.4,16.2,19.1,21.3,5.5,5.4,5.0,0.0
2024-02-11T23:00,4.3,93,1,0.00,0.00,0.00,0.00,20,3,1,17,5.3,15.7,18.8,19.4,5.0,5.0,4.6,0.0
2024-02-12T00:00,3.8,94,0,0.00,0.00,0.00,0.00,29,3,1,25,4.9,15.6,18.4,18.2,4.5,4.6,4.4,0.0
2024-02-12T01:00,3.4,95,2,0.00,0.00,0.00,0.00,53,2,34,50,4.4,15.0,18.2,18.0,4.2,4.3,4.2,0.0
2024-02-12T02:00,3.2,95,4,0.00,0.00,0.00,0.00,76,1,67,75,4.2,14.2,18.0,18.0,3.9,4.1,4.2,0.0
2024-02-12T03:00,3.0,95,6,0.00,0.00,0.00,0.00,100,0,100,100,3.7,13.1,17.1,17.8,3.8,4.0,4.1,0.0
2024-02-12T04:00,3.0,94,8,0.00,0.00,0.00,0.00,100,0,100,100,2.9,11.1,14.9,16.2,3.8,3.9,4.1,0.0
2024-02-12T05:00,3.1,93,11,0.00,0.00,0.00,0.00,100,0,100,100,2.3,8.9,12.4,13.8,3.9,3.9,4.1,0.0
2024-02-12T06:00,3.2,92,13,0.00,0.00,0.00,0.00,100,0,100,100,1.8,7.4,10.4,12.0,4.0,4.0,4.1,0.0
2024-02-12T07:00,3.3,91,15,0.00,0.00,0.00,0.00,97,0,97,77,1.5,6.7,9.9,11.6,4.1,4.1,4.2,0.0
2024-02-12T08:00,3.4,89,17,0.00,0.00,0.00,0.00,95,0,95,53,1.6,6.8,10.0,11.8,4.2,4.3,4.3,0.0
2024-02-12T09:00,3.9,86,19,0.00,0.00,0.00,0.00,92,0,92,30,1.6,6.6,9.6,11.7,4.5,4.6,4.4,5.0
2024-02-12T10:00,5.2,80,23,0.00,0.00,0.00,0.00,87,8,83,20,1.6,5.8,7.9,9.7,5.1,5.0,4.6,47.0
2024-02-12T11:00,7.0,73,28,0.00,0.00,0.00,0.00,81,16,74,10,2.9,5.1,6.2,7.0,6.0,5.5,4.8,131.0
2024-02-12T12:00,8.3,68,32,0.00,0.00,0.00,0.00,76,24,65,0,4.0,4.8,4.8,4.8,6.7,6.0,5.1,198.0
2024-02-12T13:00,9.0,66,35,0.00,0.00,0.00,0.00,71,32,57,0,3.8,4.1,3.6,3.6,7.2,6.4,5.5,189.0
2024-02-12T14:00,9.2,66,39,0.00,0.00,0.00,0.00,67,39,50,0,3.4,3.5,3.4,3.4,7.6,6.8,5.9,133.0
2024-02-12T15:00,9.1,67,42,0.00,0.00,0.00,0.00,62,47,42,0,3.6,4.4,4.7,4.7,7.8,7.1,6.2,83.0
2024-02-12T16:00,8.7,69,38,0.00,0.00,0.00,0.00,71,56,51,0,3.5,6.3,7.4,7.4,7.9,7.2,6.3,54.0
2024-02-12T17:00,8.1,73,33,0.00,0.00,0.00,0.00,79,64,60,0,3.6,8.9,10.3,11.1,7.8,7.1,6.3,22.0
2024-02-12T18:00,7.4,77,29,0.00,0.00,0.00,0.00,88,73,69,0,3.4,10.0,11.8,12.9,7.6,7.0,6.2,0.0
2024-02-12T19:00,6.9,82,25,0.00,0.00,0.00,0.00,91,68,78,0,3.3,9.8,11.6,12.5,7.3,6.7,6.0,0.0
2024-02-12T20:00,6.4,86,20,0.00,0.00,0.00,0.00,95,63,87,0,3.4,10.4,12.1,12.1,6.8,6.4,5.8,0.0
2024-02-12T21:00,6.0,89,16,0.00,0.00,0.00,0.00,98,58,96,0,4.3,12.3,13.4,12.6,6.4,6.1,5.6,0.0
2024-02-12T22:00,5.9,88,12,0.00,0.00,0.00,0.00,96,62,93,5,5.2,13.5,15.0,14.3,6.1,5.9,5.6,0.0
2024-02-12T23:00,5.8,85,7,0.00,0.00,0.00,0.00,95,67,90,9,5.3,14.5,17.0,16.1,5.9,5.8,5.7,0.0
2024-02-13T00:00,5.7,83,3,0.00,0.00,0.00,0.00,93,71,87,14,5.4,14.9,17.6,17.0,5.7,5.7,5.7,0.0
2024-02-13T01:00,5.5,84,5,0.00,0.00,0.00,0.00,95,56,91,9,5.1,14.6,17.9,16.9,5.6,5.6,5.6,0.0
2024-02-13T02:00,5.3,86,8,0.00,0.00,0.00,0.00,98,41,96,5,4.8,15.2,19.8,18.6,5.5,5.5,5.5,0.0
2024-02-13T03:00,4.9,88,10,0.00,0.00,0.00,0.00,100,26,100,0,4.7,15.9,22.4,21.7,5.3,5.3,5.4,0.0
2024-02-13T04:00,4.4,89,9,0.00,0.00,0.00,0.00,88,17,88,0,4.3,15.3,22.8,24.6,4.8,4.9,5.2,0.0
2024-02-13T05:00,3.8,89,7,0.00,0.00,0.00,0.00,77,9,77,0,4.0,13.8,21.3,26.9,4.2,4.3,5.0,0.0
2024-02-13T06:00,3.4,89,6,0.00,0.00,0.00,0.00,65,0,65,0,3.8,12.8,20.3,28.2,3.7,3.9,4.8,0.0
2024-02-13T07:00,4.8,91,4,0.00,0.00,0.00,0.00,87,87,0,0,5.4,14.7,19.4,20.3,4.2,3.8,3.3,0.0
2024-02-13T08:00,4.8,94,2,0.00,0.00,0.00,0.00,88,88,0,0,5.9,15.8,21.7,22.1,4.2,3.8,3.2,3.0
2024-02-13T09:00,5.1,95,0,0.00,0.00,0.00,0.00,89,89,0,0,6.6,17.1,23.2,23.5,4.4,4.0,3.4,13.0
2024-02-13T10:00,5.9,92,3,0.00,0.00,0.00,0.00,93,93,22,18,8.4,19.2,24.7,25.3,5.2,4.7,4.0,23.0
2024-02-13T11:00,7.0,86,7,0.00,0.00,0.00,0.00,96,96,44,36,10.5,21.6,25.8,26.7,6.2,5.6,4.9,30.0
2024-02-13T12:00,7.8,82,10,0.00,0.00,0.00,0.00,100,100,66,54,12.0,23.2,26.4,27.9,6.9,6.2,5.5,32.0
2024-02-13T13:00,8.0,80,13,0.00,0.00,0.00,0.00,100,99,53,36,12.7,23.2,26.0,27.2,7.0,6.3,5.5,23.0
2024-02-13T14:00,7.9,79,16,0.00,0.00,0.00,0.00,99,99,39,18,12.5,22.9,25.0,26.2,6.9,6.1,5.3,10.0
2024-02-13T15:00,7.7,78,19,0.00,0.00,0.00,0.00,99,98,26,0,11.8,22.0,24.0,25.3,6.7,6.0,5.1,4.0
2024-02-13T16:00,7.5,78,17,0.00,0.00,0.00,0.00,90,89,17,0,10.1,20.5,23.0,24.8,6.7,6.0,5.1,5.0
2024-02-13T17:00,7.3,79,15,0.00,0.00,0.00,0.00,80,80,9,0,8.1,18.7,21.7,23.9,6.8,6.1,5.2,4.0
2024-02-13T18:00,6.9,80,13,0.00,0.00,0.00,0.00,71,71,0,0,6.1,16.7,20.6,23.2,6.7,6.1,5.3,0.0
2024-02-13T19:00,6.4,82,11,0.00,0.00,0.00,0.00,68,67,2,0,5.4,15.6,19.6,22.5,6.5,6.0,5.3,0.0
2024-02-13T20:00,5.8,85,8,0.00,0.00,0.00,0.00,64,62,3,0,4.7,14.5,18.6,21.8,6.1,5.8,5.3,0.0
2024-02-13T21:00,5.2,88,6,0.00,0.00,0.00,0.00,61,58,5,0,4.3,13.4,16.9,19.7,5.8,5.6,5.2,0.0
2024-02-13T22:00,4.6,90,6,0.00,0.00,0.00,0.00,70,39,32,14,3.5,11.1,14.2,16.3,5.5,5.4,5.1,0.0
2024-02-13T23:00,4.0,90,6,0.00,0.00,0.00,0.00,78,19,60,27,3.3,9.4,11.4,12.0,5.2,5.2,4.9,0.0
2024-02-14T00:00,3.6,91,6,0.00,0.00,0.00,0.00,87,0,87,41,3.5,8.4,9.7,8.9,5.0,5.0,4.8,0.0
2024-02-14T01:00,3.5,91,4,0.00,0.00,0.00,0.00,91,0,91,30,3.4,8.7,9.5,8.0,4.9,4.9,4.7,0.0
2024-02-14T02:00,3.5,90,2,0.00,0.00,0.00,0.00,94,0,94,18,3.4,8.6,9.8,8.4,4.9,4.9,4.7,0.0
2024-02-14T03:00,3.6,90,0,0.00,0.00,0.00,0.00,98,0,98,7,3.0,8.2,9.3,8.7,4.9,4.9,4.7,0.0
2024-02-14T04:00,3.5,90,0,0.00,0.00,0.00,0.00,99,15,99,38,2.5,6.8,8.2,8.4,5.0,5.0,4.8,0.0
2024-02-14T05:00,3.5,91,0,0.00,0.00,0.00,0.00,99,31,99,69,2.9,7.3,9.0,10.0,5.2,5.2,5.0,0.0
2024-02-14T06:00,3.6,90,0,0.00,0.00,0.00,0.00,100,46,100,100,3.3,9.2,11.6,13.4,5.3,5.3,5.1,0.0
2024-02-14T07:00,3.9,88,1,0.00,0.00,0.00,0.00,97,58,96,71,3.7,11.3,14.8,17.6,5.3,5.3,5.2,0.0
2024-02-14T08:00,4.4,84,2,0.00,0.00,0.00,0.00,95,70,91,43,3.9,13.6,18.4,22.2,5.3,5.3,5.2,1.0
2024-02-14T09:00,4.9,82,3,0.00,0.00,0.00,0.00,92,82,87,14,4.6,14.8,20.1,25.3,5.3,5.3,5.2,3.0
2024-02-14T10:00,5.6,82,4,0.20,0.20,0.00,0.00,95,88,91,12,5.6,14.6,19.4,25.8,5.5,5.3,5.2,5.0
2024-02-14T11:00,6.3,83,5,0.20,0.20,0.00,0.00,97,94,94,9,6.3,13.9,17.8,25.0,5.7,5.4,5.2,7.0
2024-02-14T12:00,6.9,84,6,0.20,0.20,0.00,0.00,100,100,98,7,7.2,14.0,17.3,24.8,6.0,5.5,5.2,7.0
2024-02-14T13:00,7.4,84,5,0.10,0.00,0.10,0.00,100,96,93,38,8.1,15.8,19.1,26.2,6.4,5.8,5.3,7.0
2024-02-14T14:00,7.7,84,4,0.10,0.00,0.10,0.00,100,92,89,69,9.7,19.4,22.7,27.7,6.8,6.1,5.4,6.0
2024-02-14T15:00,8.0,85,3,0.10,0.00,0.10,0.00,100,88,84,100,10.7,21.9,25.1,28.7,7.2,6.5,5.7,5.0
2024-02-14T16:00,8.0,87,7,0.20,0.00,0.20,0.00,100,91,89,100,10.0,21.6,25.8,29.4,7.3,6.8,6.2,3.0
2024-02-14T17:00,7.9,90,12,0.20,0.00,0.20,0.00,100,93,95,100,8.4,19.9,25.7,31.3,7.4,7.1,6.9,1.0
2024-02-14T18:00,7.9,93,16,0.20,0.00,0.20,0.00,100,96,100,100,6.8,18.3,24.9,32.7,7.6,7.4,7.5,0.0
2024-02-14T19:00,8.0,95,16,0.20,0.10,0.10,0.00,100,91,100,100,5.6,16.8,23.1,31.2,8.1,7.9,8.0,0.0
2024-02-14T20:00,8.3,96,16,0.20,0.10,0.10,0.00,100,87,100,100,4.6,15.1,21.0,28.0,8.7,8.5,8.5,0.0
2024-02-14T21:00,8.6,97,16,0.20,0.10,0.10,0.00,100,82,100,100,4.0,14.6,19.9,26.5,9.2,9.0,8.9,0.0
2024-02-14T22:00,8.9,97,16,0.20,0.20,0.00,0.00,100,82,99,84,4.0,15.1,20.5,27.0,9.6,9.5,9.4,0.0
2024-02-14T23:00,9.2,97,16,0.20,0.20,0.00,0.00,100,83,99,68,4.3,16.2,21.9,28.1,10.0,9.9,9.8,0.0

time,weather_code (wmo code),temperature_2m_max (°C),temperature_2m_min (°C),apparent_temperature_max (°C),apparent_temperature_min (°C),sunrise (iso8601),sunset (iso8601),daylight_duration (s),sunshine_duration (s),uv_index_max (),uv_index_clear_sky_max (),precipitation_sum (mm),rain_sum (mm),showers_sum (mm),snowfall_sum (cm),precipitation_hours (h),precipitation_probability_max (%),wind_speed_10m_max (km/h),wind_gusts_10m_max (km/h),wind_direction_10m_dominant (°),shortwave_radiation_sum (MJ/m²),et0_fao_evapotranspiration (mm)
2024-02-08,80,11.5,5.1,9.7,1.4,2024-02-08T07:27,2024-02-08T17:01,34403.93,0.00,0.40,1.90,17.00,16.90,0.10,0.00,16.0,100,17.9,36.4,139,0.89,0.32
2024-02-09,80,12.4,9.5,8.6,7.0,2024-02-09T07:26,2024-02-09T17:03,34620.98,8663.15,0.70,1.95,2.30,2.10,0.30,0.00,6.0,97,25.1,52.9,208,2.82,0.80
2024-02-10,61,10.1,5.8,8.9,4.2,2024-02-10T07:24,2024-02-10T17:04,34840.01,0.00,1.05,2.10,0.30,0.30,0.00,0.00,3.0,42,6.9,13.7,205,3.16,0.48
2024-02-11,80,9.9,4.3,6.8,2.0,2024-02-11T07:22,2024-02-11T17:06,35060.77,28244.03,0.80,1.95,0.50,0.00,0.50,0.00,4.0,42,12.2,29.2,286,6.29,0.81
2024-02-12,3,9.2,3.0,7.1,0.8,2024-02-12T07:20,2024-02-12T17:08,35283.05,27094.72,0.55,2.00,0.00,0.00,0.00,0.00,0.0,42,5.3,11.9,197,6.23,0.73
2024-02-13,3,8.0,3.4,4.8,1.1,2024-02-13T07:18,2024-02-13T17:10,35506.60,2704.31,1.10,1.95,0.00,0.00,0.00,0.00,0.0,19,12.7,28.4,312,2.68,0.44
2024-02-14,61,9.2,3.5,8.3,1.2,2024-02-14T07:16,2024-02-14T17:12,35731.21,0.00,2.05,2.05,2.50,1.30,1.20,0.00,14.0,16,10.7,24.8,144,1.97,0.39
